{
	"version": 1,
	"changelists": [
		{
			"guid": "00000000000000000000000000000000",
			"description": "Default Uncontrolled Changelist",
			"files": [
				"C:/Users/dmang/Desktop/InfiniteMatrixComplete/Content/PlayerUI.uasset",
				"C:/Users/dmang/Desktop/InfiniteMatrixComplete/Content/InfiniteMatrix/Blueprints/BP_TunnelSpawner.uasset",
				"C:/Users/dmang/Desktop/InfiniteMatrixComplete/Content/InfiniteMatrix/Maps/TutorialMap.umap",
				"C:/Users/dmang/Desktop/InfiniteMatrixComplete/Content/InfiniteMatrix/Blueprints/BP_Tunnel.uasset",
				"C:/Users/dmang/Desktop/InfiniteMatrixComplete/Content/InfiniteMatrix/UI/WBP_Restart.uasset",
				"C:/Users/dmang/Desktop/InfiniteMatrixComplete/Content/InfiniteMatrix/Blueprints/BP_Player.uasset",
				"C:/Users/dmang/Desktop/InfiniteMatrixComplete/Content/HealthPack.uasset",
				"C:/Users/dmang/Desktop/InfiniteMatrixComplete/Content/Projectile.uasset",
				"C:/Users/dmang/Desktop/InfiniteMatrixComplete/Content/Fire.uasset",
				"C:/Users/dmang/Desktop/InfiniteMatrixComplete/Content/InfiniteMatrix/IMC_player.uasset",
				"C:/Users/dmang/Desktop/InfiniteMatrixComplete/Content/BP_Enemy.uasset",
				"C:/Users/dmang/Desktop/InfiniteMatrixComplete/Content/InfiniteMatrix/Materials/HealthColor.uasset",
				"C:/Users/dmang/Desktop/InfiniteMatrixComplete/Content/InfiniteMatrix/Materials/M_HoleBase.uasset",
				"C:/Users/dmang/Desktop/InfiniteMatrixComplete/Content/InfiniteMatrix/Materials/HealthColor_Inst.uasset",
				"C:/Users/dmang/Desktop/InfiniteMatrixComplete/Content/InfiniteMatrix/Materials/M_HoleBase_Inst.uasset",
				"C:/Users/dmang/Desktop/InfiniteMatrixComplete/Content/InfiniteMatrix/Meshes/SM_Hole_01.uasset",
				"C:/Users/dmang/Desktop/InfiniteMatrixComplete/Content/InfiniteMatrix/Meshes/SM_Hole_02.uasset",
				"C:/Users/dmang/Desktop/InfiniteMatrixComplete/Content/InfiniteMatrix/Meshes/SM_Hole_03.uasset",
				"C:/Users/dmang/Desktop/InfiniteMatrixComplete/Content/InfiniteMatrix/Meshes/SM_Hole_04.uasset",
				"C:/Users/dmang/Desktop/InfiniteMatrixComplete/Content/SlowDown.uasset",
				"C:/Users/dmang/Desktop/InfiniteMatrixComplete/Content/NewWidgetBlueprint.uasset"
			]
		}
	]
}